fertilizers,fertilizer,manure,compost,dung,guano,humus,maul,mulch,potash,buffalo,cow chips,peat,moss
plantation,paddy,crop,plant,farming,feild,farm,water
plantation,peas,crop,plant,farming,field,farm,water
plantation,potato,crop,plant,farming,field,farm,water
plantation,beetroot,water,farm,field,farming,plant,crop
plantation,babycorn,farming,plant,field,water,crop,farm
plantation,tomato,farm,water,crop,farming,field,plant
season,season,fall,period,time,winter,autumn,division,interval,juncture,occasion,opportunity,spell,spring,term,while
