seeding  Babycorn,babycorn
time to plant  Babycorn,babycorn
when we plant  Babycorn,babycorn
Babycorn plantation,babycorn
when to plant  Babycorn,babycorn
Babycorn cropping period,babycorn
cropping  Babycorn,babycorn
where to plant  Babycorn,babycorn
where to plant Beetroot,beetroot
when to plant  Beetroot,beetroot
Beetroot plantation,beetroot
time to plant Beetroot,beetroot
when we plant Beetroot,beetroot
seeding Beetroot,beetroot
cropping Beetroot,beetroot
Beetroot cropping period,beetroot
how to use compost,fertilizers
which manure to use,fertilizers
fertilizers to use,fertilizers
fertilizers for farming,fertilizers
where to use top dressing,fertilizers
how do i get moss,fertilizers
when to use peat,fertilizers
where to use cowchips,fertilizers
how to use potash,fertilizers
which one use mulch,fertilizers
when to put maul,fertilizers
where do i get guano,fertilizers
where to get dung,fertilizers
"hello, my name is esteban",hello
say hello to me,hello
"Hi, my name is Michel",hello
hi there,hello
Hello,hello
good evening,hello
Good afternoon.,hello
g'day,hello
good how are you,hello
bonjour,hello
yo,hello
What's up,hello
"Hello, how are you",hello
Musk Melon cropping period,muskmelon
cropping Musk Melon,muskmelon
seeding Musk Melon,muskmelon
when we plant Musk Melon,muskmelon
Musk Melon plantation,muskmelon
when to plant Musk Melon,muskmelon
where to plant Musk Melon,muskmelon
time to plant Musk Melon,muskmelon
cropping paddy,paddy
seeding paddy,paddy
where to plant paddy,paddy
when we plant paddy,paddy
time to plant paddy,paddy
paddy plantation,paddy
when to plant paddy,paddy
paddy cropping period,paddy
cropping Peas,peas
where to plant Peas,peas
seeding Peas,peas
Peas cropping period,peas
when to plant Peas,peas
Peas plantation,peas
time to plant Peas,peas
when we plant Peas,peas
where to plant Potato,potato
when we plant Potato,potato
time to plant Potato,potato
Potato plantation,potato
when to plant Potato,potato
Potato cropping period,potato
cropping Potato,potato
seeding Potato,potato
is it the fall now,season
season,season
today climate,season
what is the season now,season
now which occasion,season
what juncture,season
which interval is it,season
what is the division,season
is it autumn,season
was it   winter,season
is it  summer,season
what is period,season
when to plant tomato,tomato
tomato cropping period,tomato
seeding tomato,tomato
where to plant tomato,tomato
when we plant tomato,tomato
time to plant tomato,tomato
tomato plantation,tomato
cropping tomato,tomato
when we plant Watermelon,watermelon
time to plant Watermelon,watermelon
Watermelon cropping period,watermelon
when to plant Watermelon,watermelon
cropping Watermelon,watermelon
seeding Watermelon,watermelon
where to plant Watermelon,watermelon
Watermelon plantation,watermelon
