{"name":"Chatbot","created":"2017-10-11T14:28:19.521Z","intents":[{"intent":"paddy","created":"2017-10-11T16:28:23.623Z","updated":"2017-10-11T16:28:23.623Z","examples":[{"text":"seeding paddy","created":"2017-10-11T16:28:23.623Z","updated":"2017-10-11T16:28:23.623Z"},{"text":"where to plant paddy","created":"2017-10-11T16:28:23.623Z","updated":"2017-10-11T16:28:23.623Z"},{"text":"when we plant paddy","created":"2017-10-11T16:28:23.623Z","updated":"2017-10-11T16:28:23.623Z"},{"text":"time to plant paddy","created":"2017-10-11T16:28:23.623Z","updated":"2017-10-11T16:28:23.623Z"},{"text":"paddy plantation","created":"2017-10-11T16:28:23.623Z","updated":"2017-10-11T16:28:23.623Z"},{"text":"when to plant paddy","created":"2017-10-11T16:28:23.623Z","updated":"2017-10-11T16:28:23.623Z"},{"text":"paddy cropping period","created":"2017-10-11T16:28:23.623Z","updated":"2017-10-11T16:28:23.623Z"},{"text":"cropping paddy","created":"2017-10-11T16:28:23.623Z","updated":"2017-10-11T16:28:23.623Z"}],"description":null},{"intent":"beetroot","created":"2017-10-11T16:28:23.623Z","updated":"2017-10-11T16:28:23.623Z","examples":[{"text":"when to plant  Beetroot","created":"2017-10-11T16:28:23.623Z","updated":"2017-10-11T16:28:23.623Z"},{"text":"where to plant Beetroot","created":"2017-10-11T16:28:23.623Z","updated":"2017-10-11T16:28:23.623Z"},{"text":"seeding Beetroot","created":"2017-10-11T16:28:23.623Z","updated":"2017-10-11T16:28:23.623Z"},{"text":"cropping Beetroot","created":"2017-10-11T16:28:23.623Z","updated":"2017-10-11T16:28:23.623Z"},{"text":"Beetroot cropping period","created":"2017-10-11T16:28:23.623Z","updated":"2017-10-11T16:28:23.623Z"},{"text":"time to plant Beetroot","created":"2017-10-11T16:28:23.623Z","updated":"2017-10-11T16:28:23.623Z"},{"text":"Beetroot plantation","created":"2017-10-11T16:28:23.623Z","updated":"2017-10-11T16:28:23.623Z"},{"text":"when we plant Beetroot","created":"2017-10-11T16:28:23.623Z","updated":"2017-10-11T16:28:23.623Z"}],"description":null},{"intent":"potato","created":"2017-10-11T16:28:23.623Z","updated":"2017-10-11T16:28:23.623Z","examples":[{"text":"Potato cropping period","created":"2017-10-11T16:28:23.623Z","updated":"2017-10-11T16:28:23.623Z"},{"text":"Potato plantation","created":"2017-10-11T16:28:23.623Z","updated":"2017-10-11T16:28:23.623Z"},{"text":"time to plant Potato","created":"2017-10-11T16:28:23.623Z","updated":"2017-10-11T16:28:23.623Z"},{"text":"when we plant Potato","created":"2017-10-11T16:28:23.623Z","updated":"2017-10-11T16:28:23.623Z"},{"text":"where to plant Potato","created":"2017-10-11T16:28:23.623Z","updated":"2017-10-11T16:28:23.623Z"},{"text":"seeding Potato","created":"2017-10-11T16:28:23.623Z","updated":"2017-10-11T16:28:23.623Z"},{"text":"cropping Potato","created":"2017-10-11T16:28:23.623Z","updated":"2017-10-11T16:28:23.623Z"},{"text":"when to plant Potato","created":"2017-10-11T16:28:23.623Z","updated":"2017-10-11T16:28:23.623Z"}],"description":null},{"intent":"season","created":"2017-10-11T16:28:23.623Z","updated":"2017-10-11T16:28:23.623Z","examples":[{"text":"is it autumn","created":"2017-10-11T16:28:23.623Z","updated":"2017-10-11T16:28:23.623Z"},{"text":"what is the division","created":"2017-10-11T16:28:23.623Z","updated":"2017-10-11T16:28:23.623Z"},{"text":"which interval is it","created":"2017-10-11T16:28:23.623Z","updated":"2017-10-11T16:28:23.623Z"},{"text":"what juncture","created":"2017-10-11T16:28:23.623Z","updated":"2017-10-11T16:28:23.623Z"},{"text":"now which occasion","created":"2017-10-11T16:28:23.623Z","updated":"2017-10-11T16:28:23.623Z"},{"text":"is it the fall now","created":"2017-10-11T16:28:23.623Z","updated":"2017-10-11T16:28:23.623Z"},{"text":"season","created":"2017-10-11T16:28:23.623Z","updated":"2017-10-11T16:28:23.623Z"},{"text":"today climate","created":"2017-10-11T16:28:23.623Z","updated":"2017-10-11T16:28:23.623Z"},{"text":"what is the season now","created":"2017-10-11T16:28:23.623Z","updated":"2017-10-11T16:28:23.623Z"},{"text":"what is period","created":"2017-10-11T16:28:23.623Z","updated":"2017-10-11T16:28:23.623Z"},{"text":"is it  summer","created":"2017-10-11T16:28:23.623Z","updated":"2017-10-11T16:28:23.623Z"},{"text":"was it   winter","created":"2017-10-11T16:28:23.623Z","updated":"2017-10-11T16:28:23.623Z"}],"description":null},{"intent":"tomato","created":"2017-10-11T16:28:23.623Z","updated":"2017-10-11T16:28:23.623Z","examples":[{"text":"when to plant tomato","created":"2017-10-11T16:28:23.623Z","updated":"2017-10-11T16:28:23.623Z"},{"text":"cropping tomato","created":"2017-10-11T16:28:23.623Z","updated":"2017-10-11T16:28:23.623Z"},{"text":"tomato cropping period","created":"2017-10-11T16:28:23.623Z","updated":"2017-10-11T16:28:23.623Z"},{"text":"seeding tomato","created":"2017-10-11T16:28:23.623Z","updated":"2017-10-11T16:28:23.623Z"},{"text":"where to plant tomato","created":"2017-10-11T16:28:23.623Z","updated":"2017-10-11T16:28:23.623Z"},{"text":"when we plant tomato","created":"2017-10-11T16:28:23.623Z","updated":"2017-10-11T16:28:23.623Z"},{"text":"time to plant tomato","created":"2017-10-11T16:28:23.623Z","updated":"2017-10-11T16:28:23.623Z"},{"text":"tomato plantation","created":"2017-10-11T16:28:23.623Z","updated":"2017-10-11T16:28:23.623Z"}],"description":null},{"intent":"hello","created":"2017-10-11T16:28:23.623Z","updated":"2017-10-11T16:28:23.623Z","examples":[{"text":"yo","created":"2017-10-11T16:28:23.623Z","updated":"2017-10-11T16:28:23.623Z"},{"text":"say hello to me","created":"2017-10-11T16:28:23.623Z","updated":"2017-10-11T16:28:23.623Z"},{"text":"Hi, my name is Michel","created":"2017-10-11T16:28:23.623Z","updated":"2017-10-11T16:28:23.623Z"},{"text":"hi there","created":"2017-10-11T16:28:23.623Z","updated":"2017-10-11T16:28:23.623Z"},{"text":"hello, my name is esteban","created":"2017-10-11T16:28:23.623Z","updated":"2017-10-11T16:28:23.623Z"},{"text":"Hello","created":"2017-10-11T16:28:23.623Z","updated":"2017-10-11T16:28:23.623Z"},{"text":"good evening","created":"2017-10-11T16:28:23.623Z","updated":"2017-10-11T16:28:23.623Z"},{"text":"Good afternoon.","created":"2017-10-11T16:28:23.623Z","updated":"2017-10-11T16:28:23.623Z"},{"text":"g'day","created":"2017-10-11T16:28:23.623Z","updated":"2017-10-11T16:28:23.623Z"},{"text":"good how are you","created":"2017-10-11T16:28:23.623Z","updated":"2017-10-11T16:28:23.623Z"},{"text":"bonjour","created":"2017-10-11T16:28:23.623Z","updated":"2017-10-11T16:28:23.623Z"},{"text":"What's up","created":"2017-10-11T16:28:23.623Z","updated":"2017-10-11T16:28:23.623Z"},{"text":"Hello, how are you","created":"2017-10-11T16:28:23.623Z","updated":"2017-10-11T16:28:23.623Z"}],"description":null},{"intent":"fertilizers","created":"2017-10-11T16:28:23.623Z","updated":"2017-10-11T16:28:23.623Z","examples":[{"text":"how do i get moss","created":"2017-10-11T16:28:23.623Z","updated":"2017-10-11T16:28:23.623Z"},{"text":"when to use peat","created":"2017-10-11T16:28:23.623Z","updated":"2017-10-11T16:28:23.623Z"},{"text":"where to use cowchips","created":"2017-10-11T16:28:23.623Z","updated":"2017-10-11T16:28:23.623Z"},{"text":"how to use potash","created":"2017-10-11T16:28:23.623Z","updated":"2017-10-11T16:28:23.623Z"},{"text":"which one use mulch","created":"2017-10-11T16:28:23.623Z","updated":"2017-10-11T16:28:23.623Z"},{"text":"when to put maul","created":"2017-10-11T16:28:23.623Z","updated":"2017-10-11T16:28:23.623Z"},{"text":"where do i get guano","created":"2017-10-11T16:28:23.623Z","updated":"2017-10-11T16:28:23.623Z"},{"text":"where to get dung","created":"2017-10-11T16:28:23.623Z","updated":"2017-10-11T16:28:23.623Z"},{"text":"how to use compost","created":"2017-10-11T16:28:23.623Z","updated":"2017-10-11T16:28:23.623Z"},{"text":"which manure to use","created":"2017-10-11T16:28:23.623Z","updated":"2017-10-11T16:28:23.623Z"},{"text":"fertilizers to use","created":"2017-10-11T16:28:23.623Z","updated":"2017-10-11T16:28:23.623Z"},{"text":"fertilizers for farming","created":"2017-10-11T16:28:23.623Z","updated":"2017-10-11T16:28:23.623Z"},{"text":"where to use top dressing","created":"2017-10-11T16:28:23.623Z","updated":"2017-10-11T16:28:23.623Z"}],"description":null},{"intent":"peas","created":"2017-10-11T16:28:23.623Z","updated":"2017-10-11T16:28:23.623Z","examples":[{"text":"when to plant Peas","created":"2017-10-11T16:28:23.623Z","updated":"2017-10-11T16:28:23.623Z"},{"text":"Peas cropping period","created":"2017-10-11T16:28:23.623Z","updated":"2017-10-11T16:28:23.623Z"},{"text":"cropping Peas","created":"2017-10-11T16:28:23.623Z","updated":"2017-10-11T16:28:23.623Z"},{"text":"seeding Peas","created":"2017-10-11T16:28:23.623Z","updated":"2017-10-11T16:28:23.623Z"},{"text":"where to plant Peas","created":"2017-10-11T16:28:23.623Z","updated":"2017-10-11T16:28:23.623Z"},{"text":"when we plant Peas","created":"2017-10-11T16:28:23.623Z","updated":"2017-10-11T16:28:23.623Z"},{"text":"time to plant Peas","created":"2017-10-11T16:28:23.623Z","updated":"2017-10-11T16:28:23.623Z"},{"text":"Peas plantation","created":"2017-10-11T16:28:23.623Z","updated":"2017-10-11T16:28:23.623Z"}],"description":null},{"intent":"muskmelon","created":"2017-10-11T16:28:23.623Z","updated":"2017-10-11T16:28:23.623Z","examples":[{"text":"Musk Melon plantation","created":"2017-10-11T16:28:23.623Z","updated":"2017-10-11T16:28:23.623Z"},{"text":"time to plant Musk Melon","created":"2017-10-11T16:28:23.623Z","updated":"2017-10-11T16:28:23.623Z"},{"text":"where to plant Musk Melon","created":"2017-10-11T16:28:23.623Z","updated":"2017-10-11T16:28:23.623Z"},{"text":"when to plant Musk Melon","created":"2017-10-11T16:28:23.623Z","updated":"2017-10-11T16:28:23.623Z"},{"text":"Musk Melon cropping period","created":"2017-10-11T16:28:23.623Z","updated":"2017-10-11T16:28:23.623Z"},{"text":"cropping Musk Melon","created":"2017-10-11T16:28:23.623Z","updated":"2017-10-11T16:28:23.623Z"},{"text":"seeding Musk Melon","created":"2017-10-11T16:28:23.623Z","updated":"2017-10-11T16:28:23.623Z"},{"text":"when we plant Musk Melon","created":"2017-10-11T16:28:23.623Z","updated":"2017-10-11T16:28:23.623Z"}],"description":null},{"intent":"babycorn","created":"2017-10-11T16:28:23.623Z","updated":"2017-10-11T16:28:23.623Z","examples":[{"text":"where to plant  Babycorn","created":"2017-10-11T16:28:23.623Z","updated":"2017-10-11T16:28:23.623Z"},{"text":"when we plant  Babycorn","created":"2017-10-11T16:28:23.623Z","updated":"2017-10-11T16:28:23.623Z"},{"text":"time to plant  Babycorn","created":"2017-10-11T16:28:23.623Z","updated":"2017-10-11T16:28:23.623Z"},{"text":"Babycorn plantation","created":"2017-10-11T16:28:23.623Z","updated":"2017-10-11T16:28:23.623Z"},{"text":"when to plant  Babycorn","created":"2017-10-11T16:28:23.623Z","updated":"2017-10-11T16:28:23.623Z"},{"text":"Babycorn cropping period","created":"2017-10-11T16:28:23.623Z","updated":"2017-10-11T16:28:23.623Z"},{"text":"cropping  Babycorn","created":"2017-10-11T16:28:23.623Z","updated":"2017-10-11T16:28:23.623Z"},{"text":"seeding  Babycorn","created":"2017-10-11T16:28:23.623Z","updated":"2017-10-11T16:28:23.623Z"}],"description":null},{"intent":"watermelon","created":"2017-10-11T16:28:23.623Z","updated":"2017-10-11T16:28:23.623Z","examples":[{"text":"Watermelon plantation","created":"2017-10-11T16:28:23.623Z","updated":"2017-10-11T16:28:23.623Z"},{"text":"when we plant Watermelon","created":"2017-10-11T16:28:23.623Z","updated":"2017-10-11T16:28:23.623Z"},{"text":"where to plant Watermelon","created":"2017-10-11T16:28:23.623Z","updated":"2017-10-11T16:28:23.623Z"},{"text":"seeding Watermelon","created":"2017-10-11T16:28:23.623Z","updated":"2017-10-11T16:28:23.623Z"},{"text":"cropping Watermelon","created":"2017-10-11T16:28:23.623Z","updated":"2017-10-11T16:28:23.623Z"},{"text":"when to plant Watermelon","created":"2017-10-11T16:28:23.623Z","updated":"2017-10-11T16:28:23.623Z"},{"text":"Watermelon cropping period","created":"2017-10-11T16:28:23.623Z","updated":"2017-10-11T16:28:23.623Z"},{"text":"time to plant Watermelon","created":"2017-10-11T16:28:23.623Z","updated":"2017-10-11T16:28:23.623Z"}],"description":null}],"updated":"2017-10-11T16:52:07.569Z","entities":[{"entity":"sys-currency","values":[],"created":"2017-10-11T15:23:26.077Z","updated":"2017-10-11T15:23:26.077Z","metadata":null,"description":null},{"entity":"sys-location","values":[],"created":"2017-10-11T15:23:48.453Z","updated":"2017-10-11T15:23:48.453Z","metadata":null,"description":null},{"entity":"season","values":[{"type":"synonyms","value":"season","created":"2017-10-11T15:30:54.688Z","updated":"2017-10-11T15:30:54.688Z","metadata":null,"synonyms":["fall","period","time","winter","autumn","division","interval","juncture","occasion","opportunity","spell","spring","term","while"]}],"created":"2017-10-11T15:30:54.688Z","updated":"2017-10-11T15:30:54.688Z","metadata":null,"description":null,"fuzzy_match":true},{"entity":"fertilizers","values":[{"type":"synonyms","value":"fertilizer","created":"2017-10-11T16:26:05.523Z","updated":"2017-10-11T16:26:05.523Z","metadata":null,"synonyms":["manure","compost","dung","guano","humus","maul","mulch","potash","buffalo","cow chips","peat","moss"]}],"created":"2017-10-11T15:53:54.088Z","updated":"2017-10-11T16:26:05.523Z","metadata":null,"description":null,"fuzzy_match":true},{"entity":"sys-date","values":[],"created":"2017-10-11T15:23:22.603Z","updated":"2017-10-11T15:23:22.603Z","metadata":null,"description":null},{"entity":"plantation","values":[{"type":"synonyms","value":"paddy","created":"2017-10-11T15:58:06.557Z","updated":"2017-10-11T15:58:06.557Z","metadata":null,"synonyms":["crop","plant","farming","feild","farm","water"]},{"type":"synonyms","value":"peas","created":"2017-10-11T15:58:06.557Z","updated":"2017-10-11T15:58:06.557Z","metadata":null,"synonyms":["crop","plant","farming","field","farm","water"]},{"type":"synonyms","value":"potato","created":"2017-10-11T15:58:06.557Z","updated":"2017-10-11T15:58:06.557Z","metadata":null,"synonyms":["crop","plant","farming","field","farm","water"]},{"type":"synonyms","value":"beetroot","created":"2017-10-11T15:58:06.557Z","updated":"2017-10-11T15:58:06.557Z","metadata":null,"synonyms":["water","farm","field","farming","plant","crop"]},{"type":"synonyms","value":"babycorn","created":"2017-10-11T15:58:06.557Z","updated":"2017-10-11T15:58:06.557Z","metadata":null,"synonyms":["farming","plant","field","water","crop","farm"]},{"type":"synonyms","value":"tomato","created":"2017-10-11T15:58:06.557Z","updated":"2017-10-11T15:58:06.557Z","metadata":null,"synonyms":["farm","water","crop","farming","field","plant"]}],"created":"2017-10-11T15:32:05.285Z","updated":"2017-10-11T15:58:06.557Z","metadata":null,"description":null,"fuzzy_match":true},{"entity":"sys-time","values":[],"created":"2017-10-11T15:23:20.950Z","updated":"2017-10-11T15:23:20.950Z","metadata":null,"description":null}],"language":"en","metadata":{"api_version":{"major_version":"v1","minor_version":"2017-05-26"}},"description":"This is a Chat Bot for benefit program for farmers .","dialog_nodes":[{"type":"response_condition","title":null,"output":{"text":{"values":["Yes it is autumn now","It is winter","It is spring","It is summer now"],"selection_policy":"sequential"}},"parent":"Anything else","context":null,"created":"2017-10-11T16:31:40.569Z","updated":"2017-10-11T16:32:37.201Z","metadata":null,"next_step":null,"conditions":null,"description":null,"dialog_node":"node_2_1507739500749","previous_sibling":null},{"type":"response_condition","title":null,"output":{"text":{"values":["Water Melon can be sowed in November , December"],"selection_policy":"sequential"}},"parent":"node_12_1507740382280","context":null,"created":"2017-10-11T16:46:38.914Z","updated":"2017-10-11T16:47:44.525Z","metadata":null,"next_step":null,"conditions":"#watermelon && @plantation","description":null,"dialog_node":"node_13_1507740399107","previous_sibling":"handler_16_1507740641168"},{"type":"event_handler","title":null,"output":{},"parent":"node_12_1507740382280","context":null,"created":"2017-10-11T16:50:40.995Z","updated":"2017-10-11T16:50:42.174Z","metadata":null,"next_step":null,"conditions":null,"event_name":"focus","description":null,"dialog_node":"handler_16_1507740641168","previous_sibling":"slot_23_1507740673983"},{"type":"slot","title":null,"output":null,"parent":"node_12_1507740382280","context":null,"created":"2017-10-11T16:51:13.772Z","updated":"2017-10-11T16:51:13.772Z","metadata":null,"variable":" ","next_step":null,"conditions":null,"description":null,"dialog_node":"slot_23_1507740673983","previous_sibling":null},{"title":"Not the month","output":{"text":{"values":["Then potato can be sowed in november"],"selection_policy":"sequential"}},"parent":"node_6_1507739745250","context":null,"created":"2017-10-11T16:36:48.264Z","updated":"2017-10-11T16:38:24.836Z","metadata":null,"next_step":null,"conditions":"not the month","description":null,"dialog_node":"node_7_1507739808055","previous_sibling":null},{"type":"event_handler","title":null,"output":{},"parent":"slot_23_1507740673983","context":null,"created":"2017-10-11T16:51:15.125Z","updated":"2017-10-11T16:51:15.125Z","metadata":null,"next_step":null,"conditions":null,"event_name":"focus","description":null,"dialog_node":"handler_25_1507740673983","previous_sibling":"handler_24_1507740673983"},{"type":"event_handler","title":null,"output":null,"parent":"slot_23_1507740673983","context":null,"created":"2017-10-11T16:51:14.318Z","updated":"2017-10-11T16:51:14.318Z","metadata":null,"next_step":null,"conditions":null,"event_name":"input","description":null,"dialog_node":"handler_24_1507740673983","previous_sibling":null},{"title":"Peas","output":{"text":{"values":["peas can be sowed in February , march, October,November"],"selection_policy":"sequential"}},"parent":null,"context":null,"created":"2017-10-11T16:39:49.437Z","updated":"2017-10-11T16:43:20.053Z","metadata":null,"next_step":null,"conditions":"#peas && @plantation","description":null,"dialog_node":"node_9_1507739989393","previous_sibling":"node_8_1507739918770"},{"title":"Paddy","output":{"text":{"values":["Paddy can be sowed in any season"],"selection_policy":"sequential"}},"parent":null,"context":null,"created":"2017-10-11T16:34:42.754Z","updated":"2017-10-11T16:43:45.794Z","metadata":null,"next_step":null,"conditions":"#paddy && @plantation","description":null,"dialog_node":"node_5_1507739682888","previous_sibling":"node_4_1507739586628"},{"type":"frame","title":"WaterMelon","output":{},"parent":null,"context":null,"created":"2017-10-11T16:46:22.494Z","updated":"2017-10-11T16:52:07.569Z","metadata":{"fallback":"leave","_customization":{"mcr":true}},"next_step":{"behavior":"jump_to","selector":"condition","dialog_node":"Anything else"},"conditions":"#watermelon && @plantation","description":null,"dialog_node":"node_12_1507740382280","previous_sibling":"node_11_1507740293930"},{"title":"Babycorn","output":{"text":{"values":["Baby corn can be planted in any of the season"],"selection_policy":"sequential"}},"parent":null,"context":null,"created":"2017-10-11T16:33:06.501Z","updated":"2017-10-11T16:43:55.204Z","metadata":null,"next_step":null,"conditions":"#babycorn && @plantation","description":null,"dialog_node":"node_4_1507739586628","previous_sibling":"Anything else"},{"title":"Musk Melon","output":{"text":{"values":["Musk melon can be sowed in January, February , November , December"],"selection_policy":"sequential"}},"parent":null,"context":null,"created":"2017-10-11T16:41:21.489Z","updated":"2017-10-11T16:43:13.112Z","metadata":null,"next_step":null,"conditions":"#muskmelon && @plantation","description":null,"dialog_node":"node_10_1507740081656","previous_sibling":"node_9_1507739989393"},{"title":"Season","output":{},"parent":null,"context":null,"created":"2017-10-11T16:26:47.301Z","updated":"2017-10-11T16:44:11.855Z","metadata":{"_customization":{"mcr":true}},"next_step":null,"conditions":"#season && @season","description":null,"dialog_node":"Anything else","previous_sibling":"Welcome"},{"title":"Beetroot","output":{"text":{"values":["beetroot can be sowed in july and august"],"selection_policy":"sequential"}},"parent":null,"context":null,"created":"2017-10-11T16:38:38.544Z","updated":"2017-10-11T16:43:29.443Z","metadata":null,"next_step":null,"conditions":"#beetroot && @plantation","description":null,"dialog_node":"node_8_1507739918770","previous_sibling":"node_6_1507739745250"},{"title":"Tomato","output":{"text":{"values":["Tomato can be sowed in May,  June , November , December"],"selection_policy":"sequential"}},"parent":null,"context":null,"created":"2017-10-11T16:44:53.727Z","updated":"2017-10-11T16:46:21.959Z","metadata":null,"next_step":null,"conditions":"#tomato && @plantation","description":null,"dialog_node":"node_11_1507740293930","previous_sibling":"node_10_1507740081656"},{"title":"Potato","output":{"text":{"values":["Potato can be sowed in october"],"selection_policy":"sequential"}},"parent":null,"context":null,"created":"2017-10-11T16:35:45.431Z","updated":"2017-10-11T16:43:36.423Z","metadata":null,"next_step":null,"conditions":"#potato && @plantation","description":null,"dialog_node":"node_6_1507739745250","previous_sibling":"node_5_1507739682888"},{"title":"Welcome","output":{"text":{"values":["Hello. How can I help you?",""],"selection_policy":"sequential"}},"parent":null,"context":null,"created":"2017-10-11T16:26:47.301Z","updated":"2017-10-11T16:29:30.685Z","metadata":null,"next_step":null,"conditions":"welcome && #hello","description":null,"dialog_node":"Welcome","previous_sibling":null}],"workspace_id":"b8450af8-9f25-4eee-a957-f79253a6f84e","counterexamples":[],"learning_opt_out":false}